"Symbol","Name","LastSale","MarketCap","ADR TSO","IPOyear","Sector","industry","Summary Quote",
"XXII","22nd Century Group, Inc","2.5","147907395","n/a","n/a","Consumer Non-Durables","Farming/Seeds/Milling","http://www.nasdaq.com/symbol/xxii",
"FAX","Aberdeen Asia-Pacific Income Fund Inc","6.25","1667862050","n/a","1986","n/a","n/a","http://www.nasdaq.com/symbol/fax",
"IAF","Aberdeen Australia Equity Fund Inc","9.03","207015639.6","n/a","n/a","n/a","n/a","http://www.nasdaq.com/symbol/iaf",
"CH","Aberdeen Chile Fund, Inc.","9.91","93020185.27","n/a","n/a","n/a","n/a","http://www.nasdaq.com/symbol/ch",
"ETF","Aberdeen Emerging Markets Smaller Company Opportunities Fund I","14.5","141588614","n/a","1992","n/a","n/a","http://www.nasdaq.com/symbol/etf",
"FCO","Aberdeen Global Income Fund, Inc.","11.5586","106287799.816","n/a","1992","n/a","n/a","http://www.nasdaq.com/symbol/fco",
"IF","Aberdeen Indonesia Fund, Inc.","10.15","96275257.05","n/a","1990","n/a","n/a","http://www.nasdaq.com/symbol/if",
"ISL","Aberdeen Israel Fund, Inc.","17.8201","74308765.6141","n/a","1992","n/a","n/a","http://www.nasdaq.com/symbol/isl",
"ACU","Acme United Corporation.","16.92","54352995.84","n/a","1988","Capital Goods","Industrial Machinery/Components","http://www.nasdaq.com/symbol/acu",
"ATNM","Actinium Pharmaceuticals, Inc.","6.85","199057362.65","n/a","n/a","Finance","Business Services","http://www.nasdaq.com/symbol/atnm",
"AE","Adams Resources & Energy, Inc.","67.9","286374768.4","n/a","n/a","Energy","Oil Refining/Marketing","http://www.nasdaq.com/symbol/ae",
"ADK","Adcare Health Systems Inc","4.7","82310709.9","n/a","n/a","Health Care","Hospital/Nursing Management","http://www.nasdaq.com/symbol/adk",
"ADK^A","Adcare Health Systems Inc","26.7004","0","n/a","n/a","n/a","n/a","http://www.nasdaq.com/symbol/adk^a",
"API","Advanced Photonix, Inc.","0.4985","18634634.3805","n/a","n/a","Technology","Semiconductors","http://www.nasdaq.com/symbol/api",
"ACY","AeroCentury Corp.","15.831","24431301.567","n/a","n/a","Technology","Diversified Commercial Services","http://www.nasdaq.com/symbol/acy",
"AIRI","Air Industries Group","10.1691","72131917.7295","n/a","n/a","Capital Goods","Military/Government/Technical","http://www.nasdaq.com/symbol/airi",
"AA^","Alcoa Inc.","87","0","n/a","n/a","Capital Goods","Metal Fabrications","http://www.nasdaq.com/symbol/aa^",
"AXX","Alderon Iron Ore Corp.","1.38","179598950.46","n/a","n/a","Basic Industries","Precious Metals","http://www.nasdaq.com/symbol/axx",
"AXU","Alexco Resource Corp","1.02","63825375.96","n/a","n/a","Basic Industries","Precious Metals","http://www.nasdaq.com/symbol/axu",
"ANV","Allied Nevada Gold Corp.","3.16","329377076.32","n/a","n/a","Basic Industries","Precious Metals","http://www.nasdaq.com/symbol/anv",
"AAU","Almaden Minerals, Ltd.","1.44","93208782.24","n/a","n/a","Basic Industries","Precious Metals","http://www.nasdaq.com/symbol/aau",
"APT","Alpha Pro Tech, Ltd.","2.0798","38765198.7786","n/a","n/a","Health Care","Industrial Specialties","http://www.nasdaq.com/symbol/apt",
"ALTV","Alteva (D/B/A)","6.4","38965420.8","n/a","n/a","Public Utilities","Telecommunications Equipment","http://www.nasdaq.com/symbol/altv",
"AAMC","Altisource Asset Management Corp","699.7","1569197598.4","n/a","n/a","Finance","Real Estate","http://www.nasdaq.com/symbol/aamc",
"DIT","AMCON Distributing Company","80.54","48533565.08","n/a","n/a","Consumer Non-Durables","Food Distributors","http://www.nasdaq.com/symbol/dit",
"APP","American Apparel Inc","0.95","166467381.85","n/a","n/a","Finance","Business Services","http://www.nasdaq.com/symbol/app",
"ADGE","American DG Energy Inc.","1.65","82199568","n/a","n/a","Energy","Electric Utilities: Central","http://www.nasdaq.com/symbol/adge",
"AMZG","American Eagle Energy Corporation.","6.36","193443241.44","n/a","n/a","Basic Industries","Precious Metals","http://www.nasdaq.com/symbol/amzg",
"ALN","American Lorain Corporation","1.2","41540056.8","n/a","n/a","Consumer Non-Durables","Packaged Foods","http://www.nasdaq.com/symbol/aln",
"AMS","American Shared Hospital Services","2.83","14889677.1","n/a","n/a","Health Care","Medical Specialities","http://www.nasdaq.com/symbol/ams",
"AQQ","American Spectrum Realty, Inc.","1.68","6262872","n/a","n/a","Consumer Services","Real Estate Investment Trusts","http://www.nasdaq.com/symbol/aqq",
"AMPE","Ampio Pharmaceuticals, Inc.","6.15","319284457.8","n/a","n/a","Health Care","Major Pharmaceuticals","http://www.nasdaq.com/symbol/ampe",
"AXN","Aoxing Pharmaceutical Company, Inc.","0.3866","19281606.1852","n/a","n/a","Health Care","Major Pharmaceuticals","http://www.nasdaq.com/symbol/axn",
"AMCO","Armco Metals Holdings, Inc.","0.2","10547932.2","n/a","n/a","Consumer Durables","Steel/Iron Ore","http://www.nasdaq.com/symbol/amco",
"HRT","Arrhythmia Research Technology Inc.","6.8","18511225.2","n/a","n/a","Health Care","Biotechnology: Electromedical & Electrotherapeutic Apparatus","http://www.nasdaq.com/symbol/hrt",
"AKG","Asanko Gold Inc.","2.52","433986227.64","n/a","n/a","Basic Industries","Mining & Quarrying of Nonmetallic Minerals (No Fuels)","http://www.nasdaq.com/symbol/akg",
"ATL","Atlatsa Resources Corporation","0.3425","189843802.0025","n/a","n/a","Basic Industries","Precious Metals","http://www.nasdaq.com/symbol/atl",
"AZC","Augusta Resource Corporation","3.7","538705958.5","n/a","n/a","Basic Industries","Precious Metals","http://www.nasdaq.com/symbol/azc",
"AWX","Avalon Holdings Corporation","4.2","15973990.2","n/a","n/a","Public Utilities","Environmental Services","http://www.nasdaq.com/symbol/awx",
"AVL","Avalon Rare Metals, Inc.","0.442","55843909.212","n/a","n/a","Basic Industries","Precious Metals","http://www.nasdaq.com/symbol/avl",
"ASM","Avino Silver","2.17","70708927.03","n/a","n/a","Basic Industries","Precious Metals","http://www.nasdaq.com/symbol/asm",
"BTG","B2Gold Corp","2.68","1819144901.48","n/a","n/a","Basic Industries","Precious Metals","http://www.nasdaq.com/symbol/btg",
"BONE","Bacterin International Holdings, Inc.","6.92","38043094.44","n/a","n/a","Health Care","Biotechnology: Biological Products (No Diagnostic Substances)","http://www.nasdaq.com/symbol/bone",
"BTN","Ballantyne Strong, Inc","3.88","54861112.56","n/a","n/a","Miscellaneous","Industrial Machinery/Components","http://www.nasdaq.com/symbol/btn",
"BKJ","Bancorp of New Jersey, Inc","12.49","66740115.16","n/a","n/a","Finance","Major Banks","http://www.nasdaq.com/symbol/bkj",
"BCV","Bancroft Fund Limited","20.29","106366084.39","n/a","n/a","n/a","n/a","http://www.nasdaq.com/symbol/bcv",
"BAA","BANRO CORPORATION","0.247","62268865.984","n/a","n/a","Basic Industries","Precious Metals","http://www.nasdaq.com/symbol/baa",
"BHB","Bar Harbor Bankshares, Inc.","27.81","164536057.35","n/a","n/a","Finance","Major Banks","http://www.nasdaq.com/symbol/bhb",
"BRN","Barnwell Industries, Inc.","3","24831480","n/a","n/a","Energy","Oil & Gas Production","http://www.nasdaq.com/symbol/brn",
"BXE","Bellatrix Exploration Ltd","7.51","1435098974.91","n/a","n/a","Energy","Oil & Gas Production","http://www.nasdaq.com/symbol/bxe",
"BIR^A","Berkshire Income Realty, Inc.","27.34","0","n/a","n/a","n/a","n/a","http://www.nasdaq.com/symbol/bir^a",
"BTX","BioTime, Inc.","2.64","190474228.56","n/a","n/a","Health Care","Biotechnology: Biological Products (No Diagnostic Substances)","http://www.nasdaq.com/symbol/btx",
"BGI","Birks Group Inc.","1.4601","26062068.0909","n/a","n/a","n/a","n/a","http://www.nasdaq.com/symbol/bgi",
"BQY","BlackRock Dividend Income Trust","13.4","80842575.2","n/a","2004","n/a","n/a","http://www.nasdaq.com/symbol/bqy",
"BZM","BlackRock Maryland Municipal Bond Trust","13.95","28937015.1","n/a","2002","n/a","n/a","http://www.nasdaq.com/symbol/bzm",
"MHE","BlackRock Massachusetts Tax-Exempt Trust","13.7","32364674.5","n/a","1993","n/a","n/a","http://www.nasdaq.com/symbol/mhe",
"BLE","BlackRock Municipal Income Trust II","14.24","333970947.84","n/a","2002","n/a","n/a","http://www.nasdaq.com/symbol/ble",
"BLJ","Blackrock New Jersey Municipal Bond Trust","14.73","34246027.41","n/a","2002","n/a","n/a","http://www.nasdaq.com/symbol/blj",
"BFY","BlackRock New York Municipal Income Trust II","13.82","69084950.02","n/a","2002","n/a","n/a","http://www.nasdaq.com/symbol/bfy",
"BPS","BlackRock Pennsylvania Strategic Municipal Trust (The)","12.76","25929787.4","n/a","1999","n/a","n/a","http://www.nasdaq.com/symbol/bps",
"BHV","BlackRock Virginia Municipal Bond Trust","16.44","26077900.68","n/a","2002","n/a","n/a","http://www.nasdaq.com/symbol/bhv",
"BDR","Blonder Tongue Laboratories, Inc.","0.92","5719062.24","n/a","n/a","Technology","Radio And Television Broadcasting And Communications Equipment","http://www.nasdaq.com/symbol/bdr",
"BRG","Bluerock Residential Growth REIT, Inc.","11.65","64734774.45","n/a","2014","Consumer Services","Real Estate Investment Trusts","http://www.nasdaq.com/symbol/brg",
"BVX","Bovie Medical Corporation","3.85","68961388.65","n/a","n/a","Health Care","Medical/Dental Instruments","http://www.nasdaq.com/symbol/bvx",
"BWL/A","Bowl America, Inc.","14.75","0","n/a","n/a","Consumer Services","Services-Misc. Amusement & Recreation","http://www.nasdaq.com/symbol/bwl/a",
"BZC","Breeze-Eastern Corporation","11.1999","108682452.0123","n/a","n/a","Capital Goods","Military/Government/Technical","http://www.nasdaq.com/symbol/bzc",
"BTI","British American Tobacco p.l.c.","118.96","110896948657.68","n/a","n/a","Consumer Non-Durables","Farming/Seeds/Milling","http://www.nasdaq.com/symbol/bti",
"CAK","CAMAC Energy Inc.","0.598","753386886.018","n/a","n/a","Energy","Oil & Gas Production","http://www.nasdaq.com/symbol/cak",
"CANF","Can-Fite Biopharma Ltd","3.75","29442611.25","n/a","n/a","Health Care","Major Pharmaceuticals","http://www.nasdaq.com/symbol/canf",
"ROX","Castle Brands, Inc.","1.02","157999802.34","n/a","2006","Consumer Non-Durables","Beverages (Production/Distribution)","http://www.nasdaq.com/symbol/rox",
"CAW","CCA Industries, Inc.","3.58","25083928.72","n/a","n/a","Consumer Non-Durables","Package Goods/Cosmetics","http://www.nasdaq.com/symbol/caw",
"CVM","Cel-Sci Corporation","1.13","74546987.05","n/a","n/a","Health Care","Biotechnology: Biological Products (No Diagnostic Substances)","http://www.nasdaq.com/symbol/cvm",
"CVM/WS","Cel-Sci Corporation","0.265","0","n/a","n/a","n/a","n/a","http://www.nasdaq.com/symbol/cvm/ws",
"CEF","Central Fund of Canada Limited","14.2","3612944524.6","n/a","n/a","n/a","n/a","http://www.nasdaq.com/symbol/cef",
"GTU","Central Gold Trust","45.64","880806360","n/a","n/a","n/a","n/a","http://www.nasdaq.com/symbol/gtu",
"CET","Central Securities Corporation","23.9365","577212492.4895","n/a","n/a","n/a","n/a","http://www.nasdaq.com/symbol/cet",
"CCF","Chase Corporation","33.75","308096257.5","n/a","n/a","Consumer Durables","Building Products","http://www.nasdaq.com/symbol/ccf",
"CQH","Cheniere Energy Partners LP Holdings, LLC","24.07","5577019000","n/a","2013","Public Utilities","Oil/Gas Transmission","http://www.nasdaq.com/symbol/cqh",
"CQP","Cheniere Energy Partners, LP","31.35","10589905007.55","n/a","2007","Public Utilities","Oil/Gas Transmission","http://www.nasdaq.com/symbol/cqp",
"LNG","Cheniere Energy, Inc.","73.4","17469039767.8","n/a","n/a","Public Utilities","Oil/Gas Transmission","http://www.nasdaq.com/symbol/lng",
"CVR","Chicago Rivet & Machine Co.","33.5501","32413825.2132","n/a","n/a","Technology","Industrial Machinery/Components","http://www.nasdaq.com/symbol/cvr",
"CNR","China Metro-Rural Holdings Limited","1","73543782","n/a","n/a","Finance","Real Estate","http://www.nasdaq.com/symbol/cnr",
"CPHI","China Pharma Holdings, Inc.","0.32","13945458.24","n/a","n/a","Health Care","Major Pharmaceuticals","http://www.nasdaq.com/symbol/cphi",
"CKX","CKX Lands, Inc.","16.5","32051167.5","n/a","n/a","Energy","Oil & Gas Production","http://www.nasdaq.com/symbol/ckx",
"GLV","Clough Global Allocation Fund","15.15","158084280.9","n/a","2004","n/a","n/a","http://www.nasdaq.com/symbol/glv",
"GLQ","Clough Global Equity Fund","15.03","268145796.15","n/a","2005","n/a","n/a","http://www.nasdaq.com/symbol/glq",
"GLO","Clough Global Opportunities Fund","12.61","652401791.99","n/a","2006","n/a","n/a","http://www.nasdaq.com/symbol/glo",
"CRV","Coast Distribution System, Inc. (The)","3","15947556","n/a","n/a","Capital Goods","Automotive Aftermarket","http://www.nasdaq.com/symbol/crv",
"MOC","Command Security Corporation","1.94","18474684.02","n/a","n/a","Consumer Services","Diversified Commercial Services","http://www.nasdaq.com/symbol/moc",
"CIX","CompX International Inc.","10.512","130318388.784","n/a","1998","Capital Goods","Industrial Machinery/Components","http://www.nasdaq.com/symbol/cix",
"LODE","Comstock Mining, Inc.","1.57","132629200.86","n/a","n/a","Basic Industries","Precious Metals","http://www.nasdaq.com/symbol/lode",
"CTO","Consolidated-Tomoka Land Co.","45","264656655","n/a","n/a","Finance","Real Estate","http://www.nasdaq.com/symbol/cto",
"CEP","Constellation Energy Partners, LLC","2.79","80442482.49","n/a","n/a","Energy","Oil & Gas Production","http://www.nasdaq.com/symbol/cep",
"MCF","Contango Oil & Gas Company","40.95","793013662.35","n/a","n/a","Energy","Oil & Gas Production","http://www.nasdaq.com/symbol/mcf",
"CUO","Continental Materials Corporation","16.75","27640297.25","n/a","n/a","Capital Goods","Building Materials","http://www.nasdaq.com/symbol/cuo",
"CMT","Core Molding Technologies Inc","13.2","100273285.2","n/a","n/a","Consumer Non-Durables","Plastic Products","http://www.nasdaq.com/symbol/cmt",
"CRMD","CorMedix Inc","1.91","42007363.44","n/a","n/a","Health Care","Major Pharmaceuticals","http://www.nasdaq.com/symbol/crmd",
"CRMD/WS","CorMedix Inc","0.32","0","n/a","n/a","n/a","n/a","http://www.nasdaq.com/symbol/crmd/ws",
"CFP","Cornerstone Progressive Return Fund","4.62","181367908.26","n/a","n/a","n/a","n/a","http://www.nasdaq.com/symbol/cfp",
"CRF","Cornerstone Strategic Return Fund, Inc. (The)","5.75","100081774.5","n/a","n/a","n/a","n/a","http://www.nasdaq.com/symbol/crf",
"CLM","Cornerstone Strategic Value Fund, Inc.","6.13","195434152.83","n/a","1987","n/a","n/a","http://www.nasdaq.com/symbol/clm",
"COVR","Cover-All Technologies Inc.","1.2","31966172.4","n/a","n/a","Technology","Computer Software: Prepackaged Software","http://www.nasdaq.com/symbol/covr",
"CVU","CPI Aerostructures, Inc.","12","101529420","n/a","n/a","Capital Goods","Military/Government/Technical","http://www.nasdaq.com/symbol/cvu",
"CIK","Credit Suisse Asset Management Income Fund, Inc.","3.59","187542867.27","n/a","n/a","n/a","n/a","http://www.nasdaq.com/symbol/cik",
"DHY","Credit Suisse High Yield Bond Fund","3.16","310021570.72","n/a","1998","n/a","n/a","http://www.nasdaq.com/symbol/dhy",
"EXE","Crexendo, Inc.","3.18","35494279.14","n/a","n/a","Technology","EDP Services","http://www.nasdaq.com/symbol/exe",
"CRVP","Crystal Rock Holdings, Inc.","0.7888","16849092.1968","n/a","n/a","Consumer Non-Durables","Food Distributors","http://www.nasdaq.com/symbol/crvp",
"CTP","CTPartners Executive Search Inc.","12.88","92462106.8","n/a","2010","Technology","Diversified Commercial Services","http://www.nasdaq.com/symbol/ctp",
"DAKP","Dakota Plains Holdings, Inc.","2.43","133091952.93","n/a","n/a","Energy","Oil Refining/Marketing","http://www.nasdaq.com/symbol/dakp",
"DXR","Daxor Corporation","7.12","28987855.36","n/a","n/a","Health Care","Medical/Dental Instruments","http://www.nasdaq.com/symbol/dxr",
"DEJ","Dejour Energy Inc.","0.29","50428135.96","n/a","n/a","Energy","Oil & Gas Production","http://www.nasdaq.com/symbol/dej",
"VCF","Delaware Investments Colorado Municipal Income Fund, Inc","13.72","66365012","n/a","1993","n/a","n/a","http://www.nasdaq.com/symbol/vcf",
"VFL","Delaware Investments Florida Insured Municipal Income Fund","12.82","58054639.26","n/a","1993","n/a","n/a","http://www.nasdaq.com/symbol/vfl",
"VMM","Delaware Investments Minnesota Municipal Income Fund II, Inc.","14","161069650","n/a","1993","n/a","n/a","http://www.nasdaq.com/symbol/vmm",
"DLA","Delta Apparel, Inc.","13.45","106742293.5","n/a","n/a","Consumer Non-Durables","Apparel","http://www.nasdaq.com/symbol/dla",
"DNN","Denison Mine Corp","1.34","664684761.36","n/a","n/a","Basic Industries","Precious Metals","http://www.nasdaq.com/symbol/dnn",
"DGSE","DGSE Companies, Inc.","1.51","18427411.84","n/a","n/a","Consumer Services","Consumer Specialties","http://www.nasdaq.com/symbol/dgse",
"DPW","Digital Power Corporation","1.45","9866339.4","n/a","n/a","Capital Goods","Industrial Machinery/Components","http://www.nasdaq.com/symbol/dpw",
"DSS","Document Security Systems, Inc.","1.33","65840258.82","n/a","n/a","Technology","EDP Services","http://www.nasdaq.com/symbol/dss",
"DMF","Dreyfus Municipal Income, Inc.","9.13","189125667.5","n/a","1988","n/a","n/a","http://www.nasdaq.com/symbol/dmf",
"GRF","Eagle Capital Growth Fund, Inc.","7.9","24688479.6","n/a","n/a","n/a","n/a","http://www.nasdaq.com/symbol/grf",
"ESTE","Earthstone Energy, Inc.","36.1","62421340.3","n/a","n/a","Energy","Oil & Gas Production","http://www.nasdaq.com/symbol/este",
"EVM","Eaton Vance California Municipal Bond Fund","11.54","246940836.44","n/a","2002","n/a","n/a","http://www.nasdaq.com/symbol/evm",
"EIA","Eaton Vance California Municipal Bond Fund II","12.19","47360953.7","n/a","2002","n/a","n/a","http://www.nasdaq.com/symbol/eia",
"CEV","Eaton Vance California Municipal Income Trust","12.34","89601665.5","n/a","1999","n/a","n/a","http://www.nasdaq.com/symbol/cev",
"EVV","Eaton Vance Limited Duration Income Fund","15.31","1799644845.58","n/a","2003","n/a","n/a","http://www.nasdaq.com/symbol/evv",
"MAB","Eaton Vance Massachusetts Municipal Bond Fund","14.24","25183639.36","n/a","2002","n/a","n/a","http://www.nasdaq.com/symbol/mab",
"MMV","Eaton Vance Massachusetts Municipal Income Trust","13.3","318846206.7","n/a","1999","n/a","n/a","http://www.nasdaq.com/symbol/mmv",
"MIW","Eaton Vance Michigan Municipal Bond Fund","13.65","20666987.25","n/a","2002","n/a","n/a","http://www.nasdaq.com/symbol/miw",
"EMI","Eaton Vance Michigan Municipal Income Trust","12.39","26220882.66","n/a","1999","n/a","n/a","http://www.nasdaq.com/symbol/emi",
"EIM","Eaton Vance Municipal Bond Fund","12.25","835061062.5","n/a","2002","n/a","n/a","http://www.nasdaq.com/symbol/eim",
"EIV","Eaton Vance Municipal Bond Fund II","12.83","128471678.23","n/a","2002","n/a","n/a","http://www.nasdaq.com/symbol/eiv",
"EMJ","Eaton Vance New Jersey Municipal Bond Fund","13.025","33981052.75","n/a","2002","n/a","n/a","http://www.nasdaq.com/symbol/emj",
"EVJ","Eaton Vance New Jersey Municipal Income Trust","12.4","58021559.2","n/a","1999","n/a","n/a","http://www.nasdaq.com/symbol/evj",
"ENX","Eaton Vance New York Municipal Bond Fund","12.21","191472152.85","n/a","2002","n/a","n/a","http://www.nasdaq.com/symbol/enx",
"NYH","Eaton Vance New York Municipal Bond Fund II","12.01","30828961.41","n/a","2002","n/a","n/a","http://www.nasdaq.com/symbol/nyh",
"EVY","Eaton Vance New York Municipal Income Trust","13.79","75495230.44","n/a","1999","n/a","n/a","http://www.nasdaq.com/symbol/evy",
"EIO","Eaton Vance Ohio Municipal Bond Fund","12.56","31864707.44","n/a","2002","n/a","n/a","http://www.nasdaq.com/symbol/eio",
"EVO","Eaton Vance Ohio Municipal Income Trust","13.418","38337332.626","n/a","1999","n/a","n/a","http://www.nasdaq.com/symbol/evo",
"EIP","Eaton Vance Pennsylvania Municipal Bond Fund","12.9","38180891.1","n/a","2002","n/a","n/a","http://www.nasdaq.com/symbol/eip",
"EVP","Eaton Vance Pennsylvania Municipal Income Trust","12.0663","32825331.4482","n/a","1999","n/a","n/a","http://www.nasdaq.com/symbol/evp",
"ELMD","Electromed, Inc.","1.39","11278810.28","n/a","2011","Health Care","Biotechnology: Electromedical & Electrotherapeutic Apparatus","http://www.nasdaq.com/symbol/elmd",
"ETAK","Elephant Talk Communications Corp.","0.827","121317625.08","n/a","n/a","Public Utilities","Telecommunications Equipment","http://www.nasdaq.com/symbol/etak",
"ELLO","Ellomay Capital Ltd.","9.38","100294439.98","n/a","n/a","Public Utilities","Electric Utilities: Central","http://www.nasdaq.com/symbol/ello",
"ECF","Ellsworth Convertible Growth and Income Fund, Inc.","8.92","117214972.64","n/a","1986","n/a","n/a","http://www.nasdaq.com/symbol/ecf",
"EMAN","eMagin Corporation","2.3205","55668567.591","n/a","n/a","Technology","Semiconductors","http://www.nasdaq.com/symbol/eman",
"EOX","Emerald Oil, Inc.","7.81","517726469.81","n/a","n/a","Energy","Oil & Gas Production","http://www.nasdaq.com/symbol/eox",
"MSN","Emerson Radio Corporation","1.61","43679029.52","n/a","n/a","Consumer Non-Durables","Consumer Electronics/Appliances","http://www.nasdaq.com/symbol/msn",
"UUUU","Energy Fuels Inc","7.5589","148785388.9419","n/a","n/a","Basic Industries","Mining & Quarrying of Nonmetallic Minerals (No Fuels)","http://www.nasdaq.com/symbol/uuuu",
"ENRJ","EnerJex Resources, Inc.","6.5","49683309","n/a","n/a","Energy","Oil & Gas Production","http://www.nasdaq.com/symbol/enrj",
"ENRJ^","EnerJex Resources, Inc.","25.9","0","n/a","n/a","n/a","n/a","http://www.nasdaq.com/symbol/enrj^",
"ENSV","ENSERVCO Corporation","3.3","120621926.7","n/a","n/a","Energy","Oilfield Services/Equipment","http://www.nasdaq.com/symbol/ensv",
"EGI","Entree Gold Inc","0.286","42037534.11","n/a","n/a","Basic Industries","Precious Metals","http://www.nasdaq.com/symbol/egi",
"EVI","EnviroStarm, Inc.","2.4775","17426071.03","n/a","n/a","Consumer Services","Other Consumer Services","http://www.nasdaq.com/symbol/evi",
"ERB","ERBA Diagnostics, Inc.","2.14","93910092.94","n/a","n/a","Health Care","Major Pharmaceuticals","http://www.nasdaq.com/symbol/erb",
"ESP","Espey Mfg. & Electronics Corp.","24.95","58836466.25","n/a","n/a","Capital Goods","Industrial Machinery/Components","http://www.nasdaq.com/symbol/esp",
"EMXX","Eurasian Minerals Inc.","0.7962","58244585.0058","n/a","n/a","Basic Industries","Precious Metals","http://www.nasdaq.com/symbol/emxx",
"EVBN","Evans Bancorp, Inc.","23.5001","98010010.5621","n/a","n/a","Finance","Major Banks","http://www.nasdaq.com/symbol/evbn",
"EVK","Ever-Glory International Group, Inc.","5.21","77010265.61","n/a","n/a","Consumer Non-Durables","Apparel","http://www.nasdaq.com/symbol/evk",
"EPM","Evolution Petroleum Corporation, Inc.","10.94","356876321.84","n/a","n/a","Energy","Oil & Gas Production","http://www.nasdaq.com/symbol/epm",
"EPM^A","Evolution Petroleum Corporation, Inc.","26.16","0","n/a","n/a","n/a","n/a","http://www.nasdaq.com/symbol/epm^a",
"XRA","Exeter Resource Corporation","0.78","68958047.34","n/a","n/a","Basic Industries","Mining & Quarrying of Nonmetallic Minerals (No Fuels)","http://www.nasdaq.com/symbol/xra",
"FU","FAB Universal Corp.","3.07","63873990.2","n/a","n/a","Technology","Computer Software: Prepackaged Software","http://www.nasdaq.com/symbol/fu",
"FPI","Farmland Partners Inc.","12.03","48291824.49","n/a","2014","Consumer Services","Real Estate Investment Trusts","http://www.nasdaq.com/symbol/fpi",
"FCSC","Fibrocell Science Inc","3.29","134418921.35","n/a","n/a","Health Care","Major Pharmaceuticals","http://www.nasdaq.com/symbol/fcsc",
"FPP","FieldPoint Petroleum Corporation","5.16","41651009.16","n/a","n/a","Energy","Oil & Gas Production","http://www.nasdaq.com/symbol/fpp",
"FPP/WS","FieldPoint Petroleum Corporation","1.3","0","n/a","n/a","n/a","n/a","http://www.nasdaq.com/symbol/fpp/ws",
"MXN","First American Minnesota Municipal Income Fund II, Inc.","14.8","21793088.8","n/a","2002","n/a","n/a","http://www.nasdaq.com/symbol/mxn",
"FEN","First Trust Energy Income and Growth Fund","36.4","704529789.6","n/a","2004","n/a","n/a","http://www.nasdaq.com/symbol/fen",
"FWV","First West Virginia Bancorp, Inc.","19.25","33278052.5","n/a","n/a","Finance","Major Banks","http://www.nasdaq.com/symbol/fwv",
"BDL","Flanigan&#39;s Enterprises, Inc.","14.67","27266351.49","n/a","n/a","Consumer Services","Restaurants","http://www.nasdaq.com/symbol/bdl",
"FSI","Flexible Solutions International Inc.","1.3004","17126256.2964","n/a","n/a","Basic Industries","Major Chemicals","http://www.nasdaq.com/symbol/fsi",
"FTF","Franklin Limited Duration Income Trust","12.86","345106459","n/a","2003","n/a","n/a","http://www.nasdaq.com/symbol/ftf",
"FSP","Franklin Street Properties Corp.","12.2","1222286341","n/a","n/a","Consumer Services","Real Estate Investment Trusts","http://www.nasdaq.com/symbol/fsp",
"FRD","Friedman Industries Inc.","8.61","58543212.84","n/a","n/a","Capital Goods","Steel/Iron Ore","http://www.nasdaq.com/symbol/frd",
"FRS","Frisch&#39;s Restaurants, Inc.","23.94","122070347.28","n/a","n/a","Consumer Services","Restaurants","http://www.nasdaq.com/symbol/frs",
"GGN","GAMCO Global Gold, Natural Reources & Income Trust ","11.03","1173927532.6","n/a","2005","n/a","n/a","http://www.nasdaq.com/symbol/ggn",
"GGN^B","GAMCO Global Gold, Natural Reources & Income Trust ","21.6","0","n/a","n/a","n/a","n/a","http://www.nasdaq.com/symbol/ggn^b",
"EGAS","Gas Natural Inc.","12.69","133086514.59","n/a","n/a","Public Utilities","Oil/Gas Transmission","http://www.nasdaq.com/symbol/egas",
"GST","Gastar Exploration Inc.","7.03","434582866.93","n/a","n/a","Energy","Oil & Gas Production","http://www.nasdaq.com/symbol/gst",
"GST^A","Gastar Exploration Inc.","25.68","0","n/a","n/a","n/a","n/a","http://www.nasdaq.com/symbol/gst^a",
"GST^B","Gastar Exploration Inc.","28.5","0","n/a","n/a","n/a","n/a","http://www.nasdaq.com/symbol/gst^b",
"JOB","General Employment Enterprises, Inc.","0.1801","4664531.4675","n/a","n/a","Technology","Diversified Commercial Services","http://www.nasdaq.com/symbol/job",
"GMO","General Moly, Inc","1.07","97309275.36","n/a","n/a","Basic Industries","Precious Metals","http://www.nasdaq.com/symbol/gmo",
"GIG","GigOptix, Inc.","1.35","43441513.65","n/a","n/a","Technology","Semiconductors","http://www.nasdaq.com/symbol/gig",
"GSB","GlobalSCAPE, Inc.","2.66","52669641.22","n/a","n/a","Technology","Computer Software: Prepackaged Software","http://www.nasdaq.com/symbol/gsb",
"GSAT","Globalstar, Inc.","4.08","3085526528.16","n/a","2006","Consumer Services","Telecommunications Equipment","http://www.nasdaq.com/symbol/gsat",
"GLOW","Glowpoint, Inc.","1.35","47915550","n/a","n/a","Public Utilities","Telecommunications Equipment","http://www.nasdaq.com/symbol/glow",
"GORO","Gold Resource Corporation","5.45","295277561.05","n/a","n/a","Basic Industries","Precious Metals","http://www.nasdaq.com/symbol/goro",
"GSV","Gold Standard Ventures Corporation","0.7","78711579.1","n/a","n/a","Basic Industries","Mining & Quarrying of Nonmetallic Minerals (No Fuels)","http://www.nasdaq.com/symbol/gsv",
"AUMN","Golden Minerals Company","1.26","54848849.58","n/a","n/a","Basic Industries","Precious Metals","http://www.nasdaq.com/symbol/aumn",
"GSS","Golden Star Resources, Ltd","0.547","141878058.813","n/a","n/a","Basic Industries","Precious Metals","http://www.nasdaq.com/symbol/gss",
"GV","Goldfield Corporation (The)","1.58","40213139.32","n/a","n/a","Basic Industries","Water Supply","http://www.nasdaq.com/symbol/gv",
"GRC","Gorman-Rupp Company (The)","29.41","772101994.63","n/a","n/a","Capital Goods","Fluid Controls","http://www.nasdaq.com/symbol/grc",
"GTE","Gran Tierra Energy Inc.","6.75","1841351670","n/a","n/a","Energy","Oil & Gas Production","http://www.nasdaq.com/symbol/gte",
"GPL","Great Panther Silver Limited","1.35","187633408.5","n/a","n/a","Basic Industries","Precious Metals","http://www.nasdaq.com/symbol/gpl",
"GRH","GreenHunter Resources, Inc.","2.32","78388287.6","n/a","n/a","Basic Industries","Major Chemicals","http://www.nasdaq.com/symbol/grh",
"GRH^C","GreenHunter Resources, Inc.","24.349","0","n/a","n/a","n/a","n/a","http://www.nasdaq.com/symbol/grh^c",
"SIM","Grupo Simec, S.A. de C.V.","14.26","2365777792.46","n/a","1993","Basic Industries","Steel/Iron Ore","http://www.nasdaq.com/symbol/sim",
"GVP","GSE Systems, Inc.","1.64","29336088.76","n/a","n/a","Technology","Computer Software: Prepackaged Software","http://www.nasdaq.com/symbol/gvp",
"GTT","GTT Communications, Inc.","10.55","254894372.2","n/a","n/a","Public Utilities","Telecommunications Equipment","http://www.nasdaq.com/symbol/gtt",
"HEB","Hemispherx BioPharma, Inc.","0.281","51662925.668","n/a","n/a","Health Care","Biotechnology: Biological Products (No Diagnostic Substances)","http://www.nasdaq.com/symbol/heb",
"HLM^","Hillman Group Capital Trust","30.99","0","n/a","n/a","n/a","n/a","http://www.nasdaq.com/symbol/hlm^",
"HMG","HMG/Courtland Properties, Inc.","13.9001","14580176.2926","n/a","n/a","Consumer Services","Real Estate Investment Trusts","http://www.nasdaq.com/symbol/hmg",
"HH","Hooper Holmes, Inc.","0.73","51399773.77","n/a","n/a","Health Care","Hospital/Nursing Management","http://www.nasdaq.com/symbol/hh",
"HUSA","Houston American Energy Corporation","0.315","16433532.675","n/a","n/a","Energy","Oil & Gas Production","http://www.nasdaq.com/symbol/husa",
"IBIO","iBio, Inc.","0.39","25600417.05","n/a","n/a","Health Care","Major Pharmaceuticals","http://www.nasdaq.com/symbol/ibio",
"IBO","IBO (Listing Market - NYSE Amex Network B F)","1","0","n/a","n/a","n/a","n/a","http://www.nasdaq.com/symbol/ibo",
"IEC","IEC Electronics Corp.","4.28","43190117.72","n/a","n/a","Technology","Electrical Products","http://www.nasdaq.com/symbol/iec",
"IG","IGI Laboratories, Inc.","5.37","281761864.77","n/a","n/a","Health Care","Biotechnology: Biological Products (No Diagnostic Substances)","http://www.nasdaq.com/symbol/ig",
"IMUC","ImmunoCellular Therapeutics, Ltd.","0.9999","57916511.7696","n/a","n/a","Health Care","Major Pharmaceuticals","http://www.nasdaq.com/symbol/imuc",
"IMH","Impac Mortgage Holdings, Inc.","5.48","51075293.32","n/a","1997","Consumer Services","Real Estate Investment Trusts","http://www.nasdaq.com/symbol/imh",
"IMO","Imperial Oil Limited","51.79","43897152779.69","n/a","n/a","Energy","Integrated oil Companies","http://www.nasdaq.com/symbol/imo",
"IOT","Income Opportunity Realty Investors, Inc.","6.85","28552265.9","n/a","n/a","Consumer Services","Real Estate Investment Trusts","http://www.nasdaq.com/symbol/iot",
"IRT","Independence Realty Trust, Inc.","9.85","254145169","n/a","2013","Consumer Services","Real Estate Investment Trusts","http://www.nasdaq.com/symbol/irt",
"IGC","India Globalization Capital Inc.","1.03","11721307.3","n/a","n/a","Basic Industries","Precious Metals","http://www.nasdaq.com/symbol/igc",
"IGC/WS","India Globalization Capital Inc.","0.0174","0","n/a","n/a","n/a","n/a","http://www.nasdaq.com/symbol/igc/ws",
"INFU","InfuSystems Holdings, Inc.","2.77","61979963.26","n/a","n/a","Health Care","Medical/Dental Instruments","http://www.nasdaq.com/symbol/infu",
"IHT","InnSuites Hospitality Trust","1.95","16242203.25","n/a","n/a","Consumer Services","Real Estate Investment Trusts","http://www.nasdaq.com/symbol/iht",
"INO","Inovio Pharmaceuticals, Inc.","11.03","665303999.37","n/a","n/a","Health Care","Medical/Dental Instruments","http://www.nasdaq.com/symbol/ino",
"IFMI","Institutional Financial Markets, Inc.","2.18","33257009.62","n/a","n/a","Finance","Investment Bankers/Brokers/Service","http://www.nasdaq.com/symbol/ifmi",
"IDN","Intellicheck Mobilisa, Inc.","0.644","25413184.748","n/a","1999","Technology","Computer Software: Prepackaged Software","http://www.nasdaq.com/symbol/idn",
"INS","Intelligent Systems Corporation","1.59","14243264.52","n/a","1992","Capital Goods","Metal Fabrications","http://www.nasdaq.com/symbol/ins",
"THM","International Tower Hill Mines Ltd","0.725","71099762.55","n/a","n/a","Basic Industries","Precious Metals","http://www.nasdaq.com/symbol/thm",
"INTT","inTest Corporation","4.1874","44230157.8572","n/a","1997","Capital Goods","Electrical Products","http://www.nasdaq.com/symbol/intt",
"INUV","Inuvo, Inc","0.9919","23314872.3535","n/a","n/a","Consumer Services","Advertising","http://www.nasdaq.com/symbol/inuv",
"VKI","Invesco Advantage Municipal Income Trust II","11.2","497066651.2","n/a","n/a","n/a","n/a","http://www.nasdaq.com/symbol/vki",
"ISR","IsoRay, Inc.","2.55","138701591.55","n/a","n/a","Health Care","Medical/Dental Instruments","http://www.nasdaq.com/symbol/isr",
"ISDR","Issuer Direct Corporation","8.9","18235557.1","n/a","n/a","Miscellaneous","Publishing","http://www.nasdaq.com/symbol/isdr",
"ITI","Iteris, Inc.","1.7","55715403.9","n/a","n/a","Consumer Durables","Telecommunications Equipment","http://www.nasdaq.com/symbol/iti",
"LTS","Ladenburg Thalmann Financial Services Inc","3.32","603526146.88","n/a","n/a","Finance","Investment Bankers/Brokers/Service","http://www.nasdaq.com/symbol/lts",
"LTS^A","Ladenburg Thalmann Financial Services Inc","22.4791","0","n/a","n/a","n/a","n/a","http://www.nasdaq.com/symbol/lts^a",
"LSG","Lake Shore Gold Corp","1.12","472858650.88","n/a","n/a","Basic Industries","Precious Metals","http://www.nasdaq.com/symbol/lsg",
"LAQ","Latin America Equity Fund, Inc. (The)","30.49","227105283.33","n/a","1991","n/a","n/a","http://www.nasdaq.com/symbol/laq",
"LGL","LGL Group, Inc. (The)","4.6901","12169552.5532","n/a","n/a","Capital Goods","Industrial Machinery/Components","http://www.nasdaq.com/symbol/lgl",
"LGL/WS","LGL Group, Inc. (The)","0.0385","0","n/a","n/a","n/a","n/a","http://www.nasdaq.com/symbol/lgl/ws",
"LBY","Libbey, Inc.","23.09","495919908.28","n/a","1993","Capital Goods","Industrial Machinery/Components","http://www.nasdaq.com/symbol/lby",
"LBMH","Liberator Medical Holdings, Inc.","3.31","174813376.79","n/a","n/a","Health Care","Medical/Nursing Services","http://www.nasdaq.com/symbol/lbmh",
"LIQT","LiqTech International, Inc.","1.76","61974000","n/a","n/a","Technology","Industrial Machinery/Components","http://www.nasdaq.com/symbol/liqt",
"LEI","Lucas Energy, Inc.","0.5473","18279609.2895","n/a","n/a","Energy","Oil & Gas Production","http://www.nasdaq.com/symbol/lei",
"MCZ","Mad Catz Interactive Inc","0.6012","38535821.6076","n/a","n/a","Consumer Non-Durables","Recreational Products/Toys","http://www.nasdaq.com/symbol/mcz",
"MVG","Mag Silver Corporation","9.17","624277295.74","n/a","n/a","Basic Industries","Precious Metals","http://www.nasdaq.com/symbol/mvg",
"MHR^C","Magnum Hunter Resources Corporation","26.44","0","n/a","n/a","n/a","n/a","http://www.nasdaq.com/symbol/mhr^c",
"MHR^D","Magnum Hunter Resources Corporation","49.7","0","n/a","n/a","n/a","n/a","http://www.nasdaq.com/symbol/mhr^d",
"MHR^E","Magnum Hunter Resources Corporation","29","0","n/a","n/a","n/a","n/a","http://www.nasdaq.com/symbol/mhr^e",
"MSTX","Mast Therapeutics, Inc.","0.6","68481901.2","n/a","n/a","Health Care","Major Pharmaceuticals","http://www.nasdaq.com/symbol/mstx",
"MHH","Mastech Holdings, Inc","12.63","54283108.5","n/a","n/a","Consumer Services","Professional Services","http://www.nasdaq.com/symbol/mhh",
"MDGN","Medgenics, Inc.","6.94","130508539.1","n/a","2011","Health Care","Biotechnology: Biological Products (No Diagnostic Substances)","http://www.nasdaq.com/symbol/mdgn",
"MDGN/WS","Medgenics, Inc.","1.72","0","n/a","n/a","n/a","n/a","http://www.nasdaq.com/symbol/mdgn/ws",
"IPB","Merrill Lynch & Co., Inc.","26.39","0","n/a","n/a","Finance","Finance: Consumer Services","http://www.nasdaq.com/symbol/ipb",
"MEA","Metalico Inc","1.47","70873868.52","n/a","n/a","Basic Industries","Metal Fabrications","http://www.nasdaq.com/symbol/mea",
"MXC","Mexco Energy Corporation","7.32","14920107.12","n/a","n/a","Energy","Oil & Gas Production","http://www.nasdaq.com/symbol/mxc",
"CCA","MFS California Insured Municipal Trust","10.93","30453581.34","n/a","1999","n/a","n/a","http://www.nasdaq.com/symbol/cca",
"MGT","MGT Capital Investments Inc","0.67","6123534.01","n/a","n/a","Miscellaneous","Multi-Sector Companies","http://www.nasdaq.com/symbol/mgt",
"MDW","Midway Gold Corporation","0.89","153502228.46","n/a","n/a","Basic Industries","Precious Metals","http://www.nasdaq.com/symbol/mdw",
"MGH","Minco Gold Corporation","0.419","21171950.585","n/a","n/a","Basic Industries","Precious Metals","http://www.nasdaq.com/symbol/mgh",
"MGN","Mines Management, Inc.","0.837","24449981.976","n/a","n/a","Basic Industries","Precious Metals","http://www.nasdaq.com/symbol/mgn",
"MXA","Minnesota Municipal Income Portfolio Inc.","16.2401","67343520.9943","n/a","1993","n/a","n/a","http://www.nasdaq.com/symbol/mxa",
"MDM","Mountain Province Diamonds Inc.","5.14","592151387","n/a","n/a","Basic Industries","Precious Metals","http://www.nasdaq.com/symbol/mdm",
"MVF","MuniVest Fund, Inc.","9.69","619987886.22","n/a","n/a","n/a","n/a","http://www.nasdaq.com/symbol/mvf",
"MZA","MuniYield Arizona Fund, Inc.","14.9999","68710866.9245","n/a","1993","n/a","n/a","http://www.nasdaq.com/symbol/mza",
"NNVC","NanoViricides, Inc.","4.13","225559660.9","n/a","n/a","Health Care","Biotechnology: Commercial Physical & Biological Resarch","http://www.nasdaq.com/symbol/nnvc",
"NHC","National HealthCare Corporation","55.71","792189124.83","n/a","n/a","Health Care","Hospital/Nursing Management","http://www.nasdaq.com/symbol/nhc",
"NHC^A","National HealthCare Corporation","15.0621","0","n/a","n/a","n/a","n/a","http://www.nasdaq.com/symbol/nhc^a",
"NAVB","Navidea Biopharmaceuticals, Inc.","1.32","198956437.68","n/a","n/a","Health Care","Biotechnology: In Vitro & In Vivo Diagnostic Substances","http://www.nasdaq.com/symbol/navb",
"NBW","Neuberger Berman California Intermediate Municipal Fund Inc.","15.485","85709475","n/a","2002","n/a","n/a","http://www.nasdaq.com/symbol/nbw",
"NHS","Neuberger Berman High Yield Strategies Fund","13.47","263211666.48","n/a","n/a","n/a","n/a","http://www.nasdaq.com/symbol/nhs",
"NBH","Neuberger Berman Intermediate Municipal Fund Inc.","15","281490000","n/a","2002","n/a","n/a","http://www.nasdaq.com/symbol/nbh",
"NML","Neuberger Berman MLP Income Fund Inc.","19.95","1127644463.4","n/a","2013","n/a","n/a","http://www.nasdaq.com/symbol/nml",
"NBO","Neuberger Berman New York Intermediate Municipal Fund Inc.","13.39","67981030","n/a","2002","n/a","n/a","http://www.nasdaq.com/symbol/nbo",
"NRO","Neuberger Berman Real Estate Securities Income Fund, Inc.","5.04","281170743.84","n/a","2003","n/a","n/a","http://www.nasdaq.com/symbol/nro",
"CUR","Neuralstem, Inc.","3.03","263117488.65","n/a","n/a","Health Care","Biotechnology: Biological Products (No Diagnostic Substances)","http://www.nasdaq.com/symbol/cur",
"UWN","Nevada Gold & Casinos, Inc.","1.2028","19420707.0944","n/a","n/a","Consumer Services","Services-Misc. Amusement & Recreation","http://www.nasdaq.com/symbol/uwn",
"NSU","Nevsun Resources Ltd","3.78","753534691.56","n/a","n/a","Basic Industries","Precious Metals","http://www.nasdaq.com/symbol/nsu",
"GBR","New Concept Energy, Inc","2.3772","4628253.882","n/a","n/a","Energy","Oil & Gas Production","http://www.nasdaq.com/symbol/gbr",
"NEN","New England Realty Associates Limited Partnership","48","185880720","n/a","n/a","Consumer Services","Building operators","http://www.nasdaq.com/symbol/nen",
"NGD","NEW GOLD INC.","6.25","3149272843.75","n/a","n/a","Basic Industries","Precious Metals","http://www.nasdaq.com/symbol/ngd",
"PAL","North American Palladium, Ltd.","0.285","109156752.465","n/a","2000","Basic Industries","Precious Metals","http://www.nasdaq.com/symbol/pal",
"NAK","Northern Dynasty Minerals, Ltd.","0.83","78858187.12","n/a","n/a","Basic Industries","Precious Metals","http://www.nasdaq.com/symbol/nak",
"NOG","Northern Oil and Gas, Inc.","15.93","972400270.68","n/a","n/a","Energy","Oil & Gas Production","http://www.nasdaq.com/symbol/nog",
"NBY","NovaBay Pharmaceuticals, Inc.","0.94","47711536.76","n/a","2007","Health Care","Major Pharmaceuticals","http://www.nasdaq.com/symbol/nby",
"NCQ","NovaCopper Inc.","0.99","59627364.39","n/a","n/a","Basic Industries","Precious Metals","http://www.nasdaq.com/symbol/ncq",
"NG","Novagold Resources Inc.","3.87","1227906386.64","n/a","n/a","Basic Industries","Precious Metals","http://www.nasdaq.com/symbol/ng",
"NTN","NTN Buzztime, Inc.","0.5151","47187523.4121","n/a","n/a","Consumer Services","Broadcasting","http://www.nasdaq.com/symbol/ntn",
"NVX","Nuveen California Dividend Advantage Municipal Fund 2","13.71","202349139.27","n/a","2001","n/a","n/a","http://www.nasdaq.com/symbol/nvx",
"NZH","Nuveen California Dividend Advantage Municipal Fund 3","12.6","304313738.4","n/a","n/a","n/a","n/a","http://www.nasdaq.com/symbol/nzh",
"NCB","Nuveen California Municipal Value Fund 2","16.23","53362617","n/a","n/a","n/a","n/a","http://www.nasdaq.com/symbol/ncb",
"CFD","Nuveen Diversified Commodity Fund","16.15","148692081","n/a","2010","Finance","Investment Bankers/Brokers/Service","http://www.nasdaq.com/symbol/cfd",
"NXZ","Nuveen Dividend Advantage Municipal Fund 2","13.72","404443812.64","n/a","2001","n/a","n/a","http://www.nasdaq.com/symbol/nxz",
"NZF","Nuveen Dividend Advantage Municipal Fund 3","13.9","561560389.2","n/a","2007","n/a","n/a","http://www.nasdaq.com/symbol/nzf",
"NVG","Nuveen Dividend Advantage Municipal Income Fund","14.29","423579893","n/a","2002","n/a","n/a","http://www.nasdaq.com/symbol/nvg",
"CTF","Nuveen Long/Short Commodity Total Return Fund","15.63","277523779.2","n/a","n/a","Finance","Investment Bankers/Brokers/Service","http://www.nasdaq.com/symbol/ctf",
"NOM","Nuveen Missouri Premium Income Municipal Fund","14.48","33729972.64","n/a","1993","n/a","n/a","http://www.nasdaq.com/symbol/nom",
"NMZ","Nuveen Municipal High Income Opportunity Fund","12.99","650202577.14","n/a","2003","n/a","n/a","http://www.nasdaq.com/symbol/nmz",
"NXJ","Nuveen New Jersey Dividend Advantage Municipal Fund","13.56","88891061.28","n/a","2001","n/a","n/a","http://www.nasdaq.com/symbol/nxj",
"NUJ","Nuveen New Jersey Dividend Advantage Municipal Fund 2","13.24","59802617.36","n/a","2002","n/a","n/a","http://www.nasdaq.com/symbol/nuj",
"NJV","Nuveen New Jersey Municipal Value Fund","14.52","22724322.72","n/a","n/a","n/a","n/a","http://www.nasdaq.com/symbol/njv",
"NXK","Nuveen New York Dividend Advantage Municipal Fund 2","13.22","85708115.52","n/a","2001","n/a","n/a","http://www.nasdaq.com/symbol/nxk",
"NYV","Nuveen New York Municipal Value Fund 2","14.63","34374823.56","n/a","2009","n/a","n/a","http://www.nasdaq.com/symbol/nyv",
"NPN","Nuveen Pennsylvania Municipal Value Fund","15.01","18302473.52","n/a","2009","n/a","n/a","http://www.nasdaq.com/symbol/npn",
"JRS","Nuveen Real Estate Fund","11.16","322439976.36","n/a","2001","n/a","n/a","http://www.nasdaq.com/symbol/jrs",
"OGEN","Oragenics, Inc.","1.76","63586941.44","n/a","n/a","Health Care","Major Pharmaceuticals","http://www.nasdaq.com/symbol/ogen",
"ORC","Orchid Island Capital, Inc.","13.74","124919477.1","n/a","2013","Consumer Services","Real Estate Investment Trusts","http://www.nasdaq.com/symbol/orc",
"TIS","Orchids Paper Products Company","27.2","219573604.8","n/a","2005","Basic Industries","Paper","http://www.nasdaq.com/symbol/tis",
"ONVO","Organovo Holdings, Inc.","7.84","613734486.4","n/a","n/a","Health Care","Biotechnology: Biological Products (No Diagnostic Substances)","http://www.nasdaq.com/symbol/onvo",
"ONP","Orient Paper, Inc.","2.27","42571353","n/a","n/a","Consumer Durables","Containers/Packaging","http://www.nasdaq.com/symbol/onp",
"OESX","Orion Energy Systems, Inc.","4.45","96732876.25","n/a","2007","Consumer Durables","Building Products","http://www.nasdaq.com/symbol/oesx",
"ORM","Owens Realty Mortgage, Inc.","16.8","180902416.8","n/a","2013","Consumer Services","Real Estate Investment Trusts","http://www.nasdaq.com/symbol/orm",
"PHF","Pacholder High Yield Fund, Inc.","8.49","110330071.53","n/a","n/a","n/a","n/a","http://www.nasdaq.com/symbol/phf",
"PBM","Pacific Booker Minerals Inc","4.5","55635925.5","n/a","n/a","Basic Industries","Precious Metals","http://www.nasdaq.com/symbol/pbm",
"PCG^A","Pacific Gas & Electric Co.","27.7","0","n/a","n/a","n/a","n/a","http://www.nasdaq.com/symbol/pcg^a",
"PCG^B","Pacific Gas & Electric Co.","25.5","0","n/a","n/a","n/a","n/a","http://www.nasdaq.com/symbol/pcg^b",
"PCG^C","Pacific Gas & Electric Co.","25.47","0","n/a","n/a","n/a","n/a","http://www.nasdaq.com/symbol/pcg^c",
"PCG^D","Pacific Gas & Electric Co.","23.868","0","n/a","n/a","n/a","n/a","http://www.nasdaq.com/symbol/pcg^d",
"PCG^E","Pacific Gas & Electric Co.","24","0","n/a","n/a","n/a","n/a","http://www.nasdaq.com/symbol/pcg^e",
"PCG^G","Pacific Gas & Electric Co.","23","0","n/a","n/a","n/a","n/a","http://www.nasdaq.com/symbol/pcg^g",
"PCG^H","Pacific Gas & Electric Co.","21.9","0","n/a","n/a","n/a","n/a","http://www.nasdaq.com/symbol/pcg^h",
"PCG^I","Pacific Gas & Electric Co.","22.53","0","n/a","n/a","n/a","n/a","http://www.nasdaq.com/symbol/pcg^i",
"PTN","Palatin Technologies, Inc.","1","39257725","n/a","n/a","Health Care","Major Pharmaceuticals","http://www.nasdaq.com/symbol/ptn",
"PARR","Par Petroleum Corporation","19.705","594802223.225","n/a","n/a","n/a","n/a","http://www.nasdaq.com/symbol/parr",
"PARR~","Par Petroleum Corporation","0.7801","0","n/a","n/a","n/a","n/a","http://www.nasdaq.com/symbol/parr~",
"PZG","Paramount Gold and Silver Corp.","1.01","160762567.59","n/a","n/a","Basic Industries","Precious Metals","http://www.nasdaq.com/symbol/pzg",
"PRK","Park National Corporation","76.32","1174750715.52","n/a","n/a","Finance","Major Banks","http://www.nasdaq.com/symbol/prk",
"PED","Pedevco Corp.","1.7","45116322.1","n/a","n/a","Energy","Oil & Gas Production","http://www.nasdaq.com/symbol/ped",
"PFNX","Pfenex Inc.","5.85","112518297.45","n/a","2014","Health Care","Major Pharmaceuticals","http://www.nasdaq.com/symbol/pfnx",
"PIP","PharmAthene, Inc","1.28","69813779.2","n/a","n/a","Health Care","Major Pharmaceuticals","http://www.nasdaq.com/symbol/pip",
"HNW","Pioneer Diversified High Income Trust","21.42","178217977.14","n/a","2007","n/a","n/a","http://www.nasdaq.com/symbol/hnw",
"PLG","Platinum Group Metals Ltd.","1.13","622955261.46","n/a","n/a","Basic Industries","Precious Metals","http://www.nasdaq.com/symbol/plg",
"PLM","Polymet Mining Corp.","1.23","338969622.57","n/a","n/a","Basic Industries","Precious Metals","http://www.nasdaq.com/symbol/plm",
"PW","Power REIT","9.09","15182917.92","n/a","n/a","Consumer Services","Real Estate Investment Trusts","http://www.nasdaq.com/symbol/pw",
"PW^A","Power REIT","25.05","0","n/a","n/a","n/a","n/a","http://www.nasdaq.com/symbol/pw^a",
"APTS","Preferred Apartment Communities, Inc.","9","147418146","n/a","2011","Consumer Services","Real Estate Investment Trusts","http://www.nasdaq.com/symbol/apts",
"PLX","Protalix BioTherapeutics, Inc.","3.52","329494739.2","n/a","n/a","Health Care","Biotechnology: Biological Products (No Diagnostic Substances)","http://www.nasdaq.com/symbol/plx",
"PVCT","Provectus Biopharmaceuticals, Inc.","0.88","152350855.36","n/a","n/a","Health Care","Major Pharmaceuticals","http://www.nasdaq.com/symbol/pvct",
"PDO","Pyramid Oil Co","5.69","26675203.65","n/a","n/a","Energy","Oil & Gas Production","http://www.nasdaq.com/symbol/pdo",
"QRM","Quest Rare Minerals Ltd","0.2191","17216701.8436","n/a","n/a","Basic Industries","Precious Metals","http://www.nasdaq.com/symbol/qrm",
"RLGT","Radiant Logistics, Inc.","3.1","105822629.2","n/a","n/a","Transportation","Oil Refining/Marketing","http://www.nasdaq.com/symbol/rlgt",
"RLGT^A","Radiant Logistics, Inc.","26.616","0","n/a","n/a","n/a","n/a","http://www.nasdaq.com/symbol/rlgt^a",
"REE","Rare Element Resources Ltd.","1.23","58679875.68","n/a","n/a","Basic Industries","Precious Metals","http://www.nasdaq.com/symbol/ree",
"UTG","Reaves Utility Income Fund","28.87","837642667.78","n/a","2004","n/a","n/a","http://www.nasdaq.com/symbol/utg",
"REED","Reeds, Inc.","5.09","66388625.68","n/a","n/a","Consumer Non-Durables","Beverages (Production/Distribution)","http://www.nasdaq.com/symbol/reed",
"RWC","RELM Wireless Corporation","4.09","55771329.98","n/a","n/a","Technology","Radio And Television Broadcasting And Communications Equipment","http://www.nasdaq.com/symbol/rwc",
"RCG","Renaissance Capital Growth & Income Fund III, Inc.","1.66","7410185.22","n/a","n/a","n/a","n/a","http://www.nasdaq.com/symbol/rcg",
"RVP","Retractable Technologies, Inc.","3.04","83212086.88","n/a","n/a","Health Care","Medical/Dental Instruments","http://www.nasdaq.com/symbol/rvp",
"RVM","Revett Mining Company, Inc.","1.25","48869358.75","n/a","n/a","Basic Industries","Precious Metals","http://www.nasdaq.com/symbol/rvm",
"RNN","Rexahn Pharmaceuticals, Inc.","0.7648","136236361.6064","n/a","n/a","Health Care","Major Pharmaceuticals","http://www.nasdaq.com/symbol/rnn",
"RIC","Richmont Mines, Inc.","1.43","68133927.29","n/a","n/a","Basic Industries","Precious Metals","http://www.nasdaq.com/symbol/ric",
"REI","Ring Energy, Inc.","18.01","461877508.14","n/a","n/a","Energy","Oil & Gas Production","http://www.nasdaq.com/symbol/rei",
"RIF","RMR Real Estate Income Fund.","20.06","153489230.42","n/a","n/a","n/a","n/a","http://www.nasdaq.com/symbol/rif",
"RPI","Roberts Realty Investors, Inc.","0.8699","8753938.5345","n/a","n/a","Consumer Services","Real Estate Investment Trusts","http://www.nasdaq.com/symbol/rpi",
"RBY","Rubicon Minerals Corp","1.52","563219650.88","n/a","n/a","Basic Industries","Precious Metals","http://www.nasdaq.com/symbol/rby",
"SGA","Saga Communications, Inc.","37.52","215702442.48","n/a","n/a","Consumer Services","Broadcasting","http://www.nasdaq.com/symbol/sga",
"SSN","Samson Oil & Gas Limited","0.4261","60458008.09","n/a","n/a","Energy","Oil & Gas Production","http://www.nasdaq.com/symbol/ssn",
"SAND          ","Sandstorm Gold Ltd","6.85","804847579.45","n/a","n/a","Basic Industries","Precious Metals","http://www.nasdaq.com/symbol/sand          ",
"SARA","Saratoga Resources Inc","1.65","51061891.65","n/a","n/a","Energy","Oil & Gas Production","http://www.nasdaq.com/symbol/sara",
"SEB","Seaboard Corporation","2920","3466880960","n/a","1996","n/a","n/a","http://www.nasdaq.com/symbol/seb",
"SVT","Servotronics, Inc.","6.9","16991118.9","n/a","n/a","Capital Goods","Industrial Machinery/Components","http://www.nasdaq.com/symbol/svt",
"SIF","SIFCO Industries, Inc.","29.58","160120355.82","n/a","n/a","Capital Goods","Aerospace","http://www.nasdaq.com/symbol/sif",
"SVBL","Silver Bull Resources, Inc.","0.26","41358890.82","n/a","n/a","Basic Industries","Precious Metals","http://www.nasdaq.com/symbol/svbl",
"SVLC","SilverCrest Mines, Inc.","2.12","251703794.6","n/a","n/a","Basic Industries","Precious Metals","http://www.nasdaq.com/symbol/svlc",
"WWZ^K","SiM Internal Test 10","n/a","0","n/a","n/a","n/a","n/a","http://www.nasdaq.com/symbol/wwz^k",
"MMZ^K","SiM Internal Test 6","n/a","0","n/a","n/a","n/a","n/a","http://www.nasdaq.com/symbol/mmz^k",
"OOZ^K","SiM Internal Test 7","n/a","0","n/a","n/a","n/a","n/a","http://www.nasdaq.com/symbol/ooz^k",
"QQZ^K","SiM Internal Test 8","n/a","0","n/a","n/a","n/a","n/a","http://www.nasdaq.com/symbol/qqz^k",
"SS^K","SiM Internal Test 9","n/a","0","n/a","n/a","n/a","n/a","http://www.nasdaq.com/symbol/ss^k",
"SKY","Skyline Corporation","4.75","39858409","n/a","n/a","Basic Industries","Homebuilding","http://www.nasdaq.com/symbol/sky",
"SLI","SL Industries, Inc.","37.03","152933900","n/a","n/a","Capital Goods","Industrial Machinery/Components","http://www.nasdaq.com/symbol/sli",
"ZXX","SM Listed Test 3","n/a","0","n/a","n/a","n/a","n/a","http://www.nasdaq.com/symbol/zxx",
"ZXX^F","SM Listed Test 3","n/a","0","n/a","n/a","n/a","n/a","http://www.nasdaq.com/symbol/zxx^f",
"XPL","Solitario Exploration & Royalty Corp","1.56","61171794.84","n/a","n/a","Basic Industries","Precious Metals","http://www.nasdaq.com/symbol/xpl",
"SOQ","Sonde Resources Corp","0.31","17376418.53","n/a","n/a","Energy","Oil & Gas Production","http://www.nasdaq.com/symbol/soq",
"SCE^B","Southern California Edison Company","20.5499","0","n/a","n/a","n/a","n/a","http://www.nasdaq.com/symbol/sce^b",
"SCE^C","Southern California Edison Company","20.5","0","n/a","n/a","n/a","n/a","http://www.nasdaq.com/symbol/sce^c",
"SCE^D","Southern California Edison Company","21.1201","0","n/a","n/a","n/a","n/a","http://www.nasdaq.com/symbol/sce^d",
"SCE^E","Southern California Edison Company","23.4","0","n/a","n/a","n/a","n/a","http://www.nasdaq.com/symbol/sce^e",
"SGB","Southwest Georgia Financial Corporation","14.801","37710535.437","n/a","n/a","Finance","Major Banks","http://www.nasdaq.com/symbol/sgb",
"LOV","Spark Networks, Inc.","6.11","145619251.18","n/a","n/a","Miscellaneous","Business Services","http://www.nasdaq.com/symbol/lov",
"STRP","Straight Path Communications Inc.","10","117950970","n/a","2013","Public Utilities","Telecommunications Equipment","http://www.nasdaq.com/symbol/strp",
"SSY","SunLink Health Systems, Inc.","1.19","11237655.52","n/a","n/a","Health Care","Hospital/Nursing Management","http://www.nasdaq.com/symbol/ssy",
"SDPI","Superior Drilling Products, Inc.","6.22","101256288.12","n/a","2014","Energy","Metal Fabrications","http://www.nasdaq.com/symbol/sdpi",
"STS","Supreme Industries, Inc.","7.2","118337738.4","n/a","n/a","Capital Goods","Construction/Ag Equipment/Trucks","http://www.nasdaq.com/symbol/sts",
"SYRG","Synergy Resources Corporation","11.09","860763147.86","n/a","n/a","Energy","Oil & Gas Production","http://www.nasdaq.com/symbol/syrg",
"SYN","Synthetic Biologics, Inc","1.9","111061703.2","n/a","n/a","Health Care","Major Pharmaceuticals","http://www.nasdaq.com/symbol/syn",
"TRX","Tanzanian Royalty Exploration Corporation","2.4","243115934.4","n/a","n/a","Basic Industries","Precious Metals","http://www.nasdaq.com/symbol/trx",
"TGB","Taseko Mines Limited","2.36","460189273.8","n/a","n/a","Basic Industries","Precious Metals","http://www.nasdaq.com/symbol/tgb",
"TAS","Tasman Metals Ltd","1.06","69446181.96","n/a","n/a","Basic Industries","Precious Metals","http://www.nasdaq.com/symbol/tas",
"TRC/WS","Tejon Ranch Co","2.27","0","n/a","n/a","n/a","n/a","http://www.nasdaq.com/symbol/trc/ws",
"TIK","Tel-Instrument Electronics Corp.","5.35","17394920.45","n/a","n/a","Capital Goods","Electrical Products","http://www.nasdaq.com/symbol/tik",
"TGC","Tengasco, Inc.","0.436","26527292.068","n/a","n/a","Energy","Oil & Gas Production","http://www.nasdaq.com/symbol/tgc",
"GLU","The Gabelli Global Utility and Income Trust","20.4","84018093.6","n/a","2004","n/a","n/a","http://www.nasdaq.com/symbol/glu",
"GLU^A","The Gabelli Global Utility and Income Trust","50.4093","0","n/a","n/a","n/a","n/a","http://www.nasdaq.com/symbol/glu^a",
"TXMD","TherapeuticsMD, Inc.","5.12","744650659.84","n/a","n/a","Health Care","Major Pharmaceuticals","http://www.nasdaq.com/symbol/txmd",
"TPI","Tianyin Pharmaceutical Co., Inc.","0.62","18248330.42","n/a","n/a","Health Care","Major Pharmaceuticals","http://www.nasdaq.com/symbol/tpi",
"IDI","Tiger Media, Inc.","0.63","22428463.68","n/a","n/a","Consumer Services","Advertising","http://www.nasdaq.com/symbol/idi",
"TLR","Timberline Resources Corporation","0.13","9771330.66","n/a","n/a","Basic Industries","Precious Metals","http://www.nasdaq.com/symbol/tlr",
"TGD","Timmons Gold Corp","1.85","302389983.25","n/a","2011","Basic Industries","Precious Metals","http://www.nasdaq.com/symbol/tgd",
"TOF","Tofutti Brands Inc.","4.378","22562924.868","n/a","n/a","Consumer Non-Durables","Specialty Foods","http://www.nasdaq.com/symbol/tof",
"TMP","Tompkins Financial Corporation","45.37","674094847.14","n/a","n/a","Finance","Major Banks","http://www.nasdaq.com/symbol/tmp",
"TAT","Transatlantic Petroleum Ltd","10.53","394326481.77","n/a","n/a","Energy","Oil & Gas Production","http://www.nasdaq.com/symbol/tat",
"TRXC","TransEnterix, Inc.","4.25","267602333.75","n/a","n/a","Health Care","Medical/Dental Instruments","http://www.nasdaq.com/symbol/trxc",
"TPLM","Triangle Petroleum Corporation","11.26","969884513.92","n/a","n/a","Energy","Oil & Gas Production","http://www.nasdaq.com/symbol/tplm",
"TRT","Trio-Tech International","3.9299","13805954.8445","n/a","n/a","Technology","Industrial Machinery/Components","http://www.nasdaq.com/symbol/trt",
"HTM","U.S. Geothermal Inc.","0.7","72067924.6","n/a","n/a","Public Utilities","Electric Utilities: Central","http://www.nasdaq.com/symbol/htm",
"UAMY","United States Antimony Corporation","1.54","99838876.06","n/a","n/a","Capital Goods","Metal Fabrications","http://www.nasdaq.com/symbol/uamy",
"UUU","Universal Security Instruments, Inc.","3.85","8808364.95","n/a","n/a","Consumer Non-Durables","Electronic Components","http://www.nasdaq.com/symbol/uuu",
"UQM","UQM TECHNOLOGIES INC","1.79","72378002.02","n/a","n/a","Capital Goods","Industrial Machinery/Components","http://www.nasdaq.com/symbol/uqm",
"URG","Ur Energy Inc","1.16","149374796.16","n/a","n/a","Basic Industries","Precious Metals","http://www.nasdaq.com/symbol/urg",
"URZ","Uranerz Energy Corporation","1.19","114012479.14","n/a","n/a","Basic Industries","Precious Metals","http://www.nasdaq.com/symbol/urz",
"UEC","Uranium Energy Corp.","1.71","154787657.58","n/a","n/a","Basic Industries","Precious Metals","http://www.nasdaq.com/symbol/uec",
"VTG","Vantage Drilling Company","1.89","578718788.13","n/a","n/a","Energy","Oil & Gas Production","http://www.nasdaq.com/symbol/vtg",
"VSR","Versar, Inc.","3.21","31176592.14","n/a","1986","Consumer Services","Military/Government/Technical","http://www.nasdaq.com/symbol/vsr",
"VII","Vicon Industries, Inc.","2.3","10358935.5","n/a","n/a","Consumer Durables","Telecommunications Equipment","http://www.nasdaq.com/symbol/vii",
"VHC","VirnetX Holding Corp","14.02","722293113.34","n/a","n/a","Miscellaneous","Multi-Sector Companies","http://www.nasdaq.com/symbol/vhc",
"VGZ","Vista Gold Corporation","0.4746","39047817.9882","n/a","n/a","Basic Industries","Precious Metals","http://www.nasdaq.com/symbol/vgz",
"EAD","Wells Fargo Advantage Income Opportunities Fund","9.35","663691059.35","n/a","2003","n/a","n/a","http://www.nasdaq.com/symbol/ead",
"ERC","Wells Fargo Advantage Multi-Sector Income Fund","14.76","620731800","n/a","2003","n/a","n/a","http://www.nasdaq.com/symbol/erc",
"ERH","Wells Fargo Advantage Utilities and High Income Fund","12.83","118436077.89","n/a","2004","n/a","n/a","http://www.nasdaq.com/symbol/erh",
"WGA","Wells-Gardner Electronics Corporation","1.27","14949170","n/a","n/a","Technology","Radio And Television Broadcasting And Communications Equipment","http://www.nasdaq.com/symbol/wga",
"SBI","Western Asset Intermediate Muni Fund Inc","9.5548","134502097.8872","n/a","1992","n/a","n/a","http://www.nasdaq.com/symbol/sbi",
"WRN","Western Copper and Gold Corporation","0.775","72949926.175","n/a","2011","Basic Industries","Precious Metals","http://www.nasdaq.com/symbol/wrn",
"WYY","WidePoint Corporation","1.55","113131134.95","n/a","n/a","Technology","EDP Services","http://www.nasdaq.com/symbol/wyy",
"WTT","Wireless Telecom Group,  Inc.","2.52","48412869.12","n/a","n/a","Capital Goods","Electrical Products","http://www.nasdaq.com/symbol/wtt",
"ZBB","ZBB Energy Corporation","1.5","37886550","n/a","2007","Public Utilities","Electric Utilities: Central","http://www.nasdaq.com/symbol/zbb",
